id	orrowen	hal	pos	class	meanings	canon_sense	derivation	root	formation	logogram	dry_cut	source	book_lemmas
S08-01	bithlernen		adj	S	southern		bith 'hot' + S lern 'the face' + -en ('of, belonging to') (compound: the head softened, §3.10): the adjective of bithlern O0099, made as bridlernen O0156 and rerddhalden O2074 are; unit S08 (V.5, 'the south gun')	*bith-, *leirn-	bith^lern+en	VORR+wedge (162) · VESK+rim (230) + e n	@bith@lern+e.n	tier3	south
S08-02	desirel		adj	S	a little late, latish		desir 'late, after the time' + -el ('-ish': quality + -el, as dommel O0475, sulvel O2433); unit S08 (V.5, 'they came a little late')	*dasir-	desir+el		letters: d.e.s.i.r.e.l	tier3	late
S08-03	uldath veskrivull		n	B	the root-men: their plain name ('the men of the root'); the wall's own diminutive for them is meskel O1385, 'treelings'		a phrase: uldath man-PL (uld + -Ath) + veskrivull S·root (meskrivull O1389, m > v: the possessor softened in the construct, as Molt Veskrivull O1419); unit S08 (V.5: 'the root-men … the wall calls them treelings', where the two must differ)	*uld-, *mosk-, *rifull-	phrase	ULD (237) + A th · MESK (186) · HALD+lone (34)	@uld+A.th @mesk@rivull	tier3	root-men
S08-04	Ommol		name	B	the Fall (of the Shorelands): 'the falling'; et Ommol		omm 'fall' + -Ol (verbal noun), the event's name (as Vess Vollol O2738); the common noun is ommol O1869; unit S08 (V.5: 'names for them from the Fall')	*omm-	omm+Ol	KYL+rim (280) + O l	@omm+O.l	tier3	fall
S08-05	flenn et tolm		n	B	the stone leaf: a leaf of the Rivenmen's telling ('the leaf of the stone')		a phrase: flenn leaf + et the + tolm stone (the construct; the Stone as in Flennath Dholm Treskat O0618); the headnote's 'It is the stone leaf of X' is El flenn et tolm um et X; unit S08 (V.5), as S05 (III.1) has it	*xwle-, *tol-	phrase	TRENN+three (48) · TOLM (1)	@flenn @tolm	tier3	stone leaf
S08-06	flenn et mesk		n	S	the wood's leaf: the facing leaf, the Mystwood's knowing ('the leaf of the wood')		a phrase: flenn leaf + et the + mesk wood (the construct); unit S08 (V.5)	*xwle-, *mosk-	phrase	TRENN+three (48) · MESK (186)	@flenn @mesk	tier3	wood leaf
S08-07	doss flenn et mesk ul o lern		phr	S	the wood's leaf faces it (the close of a stone leaf's headnote: 'the leaf of the wood is in its face')		a phrase: doss be + flenn et mesk the wood's leaf + ul lern in the face of O2631, with the pronoun possessor o between them (as ul o rask, pilot IV.4; and IV.4's doss o ul lern Yebb et Pard, 'it faces the Warden's Door'); unit S08 (V.5), the same words as S05 (III.1)	*doss-, *xwle-, *mosk-, *ul-, *leirn-	phrase	TRENN+three (48) · MESK (186) · VESK+rim (230)	@flenn @mesk @lern	tier3	face
S08-08	pa eth pa		adv	B	two by two, in pairs ('two and two')		a phrase: pa two (+S) + eth and + pa two, as hos eth hos O2862 'one by one'; unit S08 (V.5: 'they came in pairs now')	*pa-, *eθ-	phrase		%p , %p	tier3	pair
S08-09	hos hoss ul lodh		adv	B	a breath apart ('one breath in the mortar between'): of things that come one after another		a phrase: hos one + hoss breath + ul lodh between O2628/O1221 ('in the mortar of'); unit S08 (V.5: 'one sail went pale, and then the next … a breath apart')	*hos-, *hoss-, *ul-, *loð-	phrase	MOLT+zig (106) · LODH (291)	%h @hoss @lodh	tier3	apart
S08-10	ul drenn		adv	S	in order, in line ('in course'): of a line of men or of hulls, as of a course of stones		a phrase: ul in (+N) + drenn N·course (trenn O2579), as ul drenn vodh O2864 'in what order'; unit S08 (V.5: 'some did not come on in order at all')	*ul-, *trenn-	phrase	TRENN (39)	@trenn	tier3	order
S08-11	el venn o		phr	S	it means it, it is in earnest ('it is true'): of a hull that leans to the shore		a phrase: el is + venn true + o it (the copula, predicate first, §3.1); unit S08 (V.5: 'a hull that leans to the shore means it')	*el-, *weinn-, *o-	phrase	VENN (264)	@venn	tier3	mean
S08-12	Doss vorr et scethan vyssorat		phr	B	The fleet has spent its fire (the wall's saying at noon: 'the fire of the fleet is spent')		a phrase: doss be + vorr fire + et scethan the fleet (the construct) + vyssorat spent O2806 (vyssor + -At); unit S08 (V.5)	*doss-, *forr-, *skeθ-, *weussor-	phrase	VORR (153) · SCETH (173) + a n	@vorr @sceth+a.n letters: v.y.s.s.o.r.A.t	tier3	spend
S08-13	Naelur et molt sa luskith lont		phr	B	Choose which heart you leave them (the wall's saying at the fire: 'choose the heart that you leave at them')		a phrase: naelur choose (IMP) + et molt the heart + sa REL (+S) + luskith S·leave-2SG (lusk: l unchanged) + lont at-3PL; unit S08 (V.5)	*neilur-, *molt-, *sa-, *lusk-, *lo-	phrase	VESK+lone (232) · MOLT (105) · GARL+gap (216) + i th	@naelur @molt @lusk+i.th	tier3	choose
S08-14	keth o dhrenneth		phr	S	keep its courses: keep its spacing, keep formation (of a feigned rout, as a wall keeps its courses)		a phrase: keth hold, keep + o its (+S) + dhrenneth S·courses (trenneth O2586, t > dh: the softening shows the possessive, §3.5); unit S08 (V.5: 'a feigned one keeps its spacing')	*keθ-, *o-, *trenn-	phrase	GARL+cup (214) · TRENN (39) + A th	@keth @trenn+A.th	tier3	keep
S08-15	ho ross		part,v	B	is (it)? is (it) still?: the yes-or-no question of the state verb doss		a grammar form: ho Q (+S) + ross S·doss (d > r, §3.3), as ho dhumos? (§3.4); unit S08 (V.5: 'to see whether the gun was still there', given as the hulls' own question)	*ho-, *doss-	phrase		left out (a stone does not ask, D2)	tier3	whether
