ship-masters	10
two-inks	9
standard-bearer	8
wreck-wood	6
harbour-houses	5
stone-warden	3
quarry-wardens	3
hearth-wall	2
mist-folk	2
oath-keeper	2
fen-born	2
four-and-twenty	2
tide-heart	2
fifty-three	2
wave-sign	2
council-hall	2
root-men	2
fisher-folk	2
marking-stone	1
coal-black	1
wall-walk	1
grey-sailed	1
granite-bloom	1
going-down	1
haven-lands	1
master-pairs	1
harbour-cities	1
burial-cairns	1
root-heart	1
stone-grain	1
deep-beneath	1
harbour-city	1
night-watches	1
dark-trunked	1
plumb-line	1
bridge-beams	1
roof-trees	1
dancing-hall	1
trade-tables	1
dice-boards	1
cargo-list	1
guild-halls	1
mist-cloth	1
storm-wind	1
harbour-house	1
fog-bank	1
ship-master	1
rain-butt	1
tide-line	1
salt-cuts	1
council-grove	1
fire-ships	1
mortar-ships	1
torpedo-boats	1
grey-green	1
crown-hulls	1
stone-deaf	1
fisher-children	1
grey-black	1
chisel-work	1
star-notch	1
forty-six	1
