lemma	count	first	forms	in_dict
the	2145	front	the	y
and	878	CONTENTS	and	y
it	756	CONTENTS	it,its,itself	y
be	749	CONTENTS	am,are,be,been,is,was,were	y
of	555	front	of	y
they	459	front	their,theirs,them,themselves,they	y
a	414	CONTENTS	a,an	y
we	354	CONTENTS	our,ours,ourselves,us,we	y
in	338	CONTENTS	in	y
that	277	CONTENTS	that,those	y
have	275	OF THIS BOOK	had,has,have,having	y
i	275	OF THIS BOOK	i,me,mine,my,myself	y
not	254	OF THIS BOOK	not	y
one	236	CONTENTS	one,one's	y
to	217	CONTENTS	to	y
for	206	OF THIS BOOK	for	y
he	202	OF THIS BOOK	he,him,himself,his	y
as	189	front	as	y
on	187	OF THIS BOOK	on,ones	y
at	137	front	at	y
lay	134	front	laid,lay	y
stone	134	front	stone,stones	y
do	130	OF THIS BOOK	did,do,does,done	y
say	126	OF THIS BOOK	said,say,saying,says	y
come	122	CONTENTS	came,come,comes	y
by	121	CONTENTS	by	y
know	116	OF THIS BOOK	knew,know,known,knows	y
no	113	OF THIS BOOK	no	y
this	109	CONTENTS	these,this	y
wood	106	CONTENTS	wood,wood's,woods	y
go	101	CONTENTS	go,goes,gone,went	y
wall	99	CONTENTS	wall,wall's,walled,walls	y
first	98	CONTENTS	first	y
with	97	CONTENTS	with	y
tell	92	CONTENTS	tell,tells,told	y
from	86	CONTENTS	from	y
who	82	CONTENTS	who,whom,whose	y
there	79	OF THIS BOOK	there	y
two	79	front	two	y
down	77	front	down	y
hold	77	CONTENTS	held,hold,holds	y
what	70	CONTENTS	what	y
when	68	OF THIS BOOK	when	y
she	67	I.2	her,hers,she	y
tide	67	CONTENTS	tide,tides	y
hearth	65	front	hearth	y
so	64	OF THIS BOOK	so	y
where	64	OF THIS BOOK	where	y
keep	62	CONTENTS	keep,keeps,kept	y
word	61	OF THIS BOOK	word,words	y
name	60	OF THIS BOOK	name,named,names	y
cut	59	OF THIS BOOK	cut,cuts	y
every	59	OF THIS BOOK	every	y
out	59	CONTENTS	out	y
into	58	OF THIS BOOK	into	y
then	58	I.1	then	y
remember	57	CONTENTS	remember,remembered,remembering,remembers	y
all	56	OF THIS BOOK	all	y
book	56	front	book	y
hand	56	OF THIS BOOK	hand,hand's,handed,hands	y
you	56	OF THIS BOOK	you,your,yours	y
but	55	OF THIS BOOK	but	y
grey	55	CONTENTS	grey	y
up	55	OF THIS BOOK	up	y
set	52	front	set,sets,setting	y
man	50	CONTENTS	man,man's,men	y
take	50	OF THIS BOOK	take,taken,takes,took	y
stand	49	CONTENTS	stand,stands,stood	y
call	48	OF THIS BOOK	call,called,calling,calls	y
each	48	OF THIS BOOK	each	y
other	47	OF THIS BOOK	other,other's,others	y
long	46	front	long,longer,longest	y
old	46	OF THIS BOOK	eldest,old,older,oldest	y
write	46	OF THIS BOOK	write,writes,writing,written,wrote	y
after	45	CONTENTS	after	y
guild	45	OF THIS BOOK	guild,guild's	y
hull	45	I.3	hull,hull's,hulls	y
turn	45	CONTENTS	turn,turned,turns	y
haven	44	CONTENTS	haven,haven's,havens	y
only	43	OF THIS BOOK	only	y
will	43	OF THIS BOOK	will	y
would	42	OF THIS BOOK	would	y
before	41	OF THIS BOOK	before	y
face	41	CONTENTS	face,faces,facing	y
night	41	CONTENTS	night,nights	y
see	41	OF THIS BOOK	saw,see,seen,sees	y
tale	41	front	tale,tales	y
could	40	OF THIS BOOK	could	y
give	37	I.1	gave,give,given,gives	y
still	36	OF THIS BOOK	still,stills	y
end	35	CONTENTS	end,ended,ends	y
home	35	CONTENTS	home,homes	y
now	35	CONTENTS	now	y
thing	35	OF THIS BOOK	thing,things	y
bonded	33	CONTENTS	bonded	y
ever	32	I.1	ever	y
hear	32	OF THIS BOOK	hear,heard,hears	y
like	32	OF THIS BOOK	like,liked	y
break	31	OF THIS BOOK	break,breaking,breaks,broke,broken	y
captain	31	CONTENTS	captain,captain's	y
child	31	CONTENTS	child,children	y
day	31	OF THIS BOOK	day,day's,days	y
fall	31	OF THIS BOOK	fall,fallen,falling,falls,fell	y
gate	31	CONTENTS	gate,gates	y
last	31	I.1	last,lasts	y
leaf	31	CONTENTS	leaf,leaves	y
sail	31	THE INVOCATION	sail,sailed,sails	y
speak	31	OF THIS BOOK	speak,speaks,spoke,spoken	y
answer	30	OF THIS BOOK	answer,answered,answering,answers	y
burn	30	CONTENTS	burn,burned,burning,burns	y
look	30	I.1	look,looked,looking,looks	y
carry	29	OF THIS BOOK	carried,carries,carry,carrying	y
count	29	CONTENTS	count,counted,counts	y
think	29	I.1	think,thinking,thinks,thought	y
three	29	CONTENTS	three	y
whole	29	OF THIS BOOK	whole	y
boat	28	CONTENTS	boat,boats	y
ink	28	front	ink,inks	y
own	28	OF THIS BOOK	own	y
gun	27	OF THIS BOOK	gun,guns	y
much	27	I.1	more,most,much	y
under	27	CONTENTS	under	y
warden	26	CONTENTS	warden,warden's,wardens	y
heart	25	I.4	heart,hearts	y
leave	25	OF THIS BOOK	leave,leaving,left	y
never	25	I.1	never	y
read	25	CONTENTS	read	y
ask	24	CONTENTS	ask,asked,asking	y
carving	24	OF THIS BOOK	carving,carving's,carvings	y
fire	24	OF THIS BOOK	fire,fired,fires	y
hour	24	CONTENTS	hour,hours	y
nothing	24	OF THIS BOOK	nothing	y
once	24	OF THIS BOOK	once	y
or	24	OF THIS BOOK	or	y
make	23	OF THIS BOOK	made,make	y
telling	23	OF THIS BOOK	telling,tellings	y
than	23	I.3	than	y
true	23	CONTENTS	true,truer	y
until	23	OF THIS BOOK	until	y
back	22	OF THIS BOOK	back,backs	y
both	22	CONTENTS	both	y
grain	22	CONTENTS	grain	y
pair	22	OF THIS BOOK	pair,pairs	y
sea	22	CONTENTS	sea	y
shore	22	I.1	shore,shore's,shores	y
again	21	OF THIS BOOK	again	y
master	21	I.2	master,master's,masters	y
shingle	21	IV.2	shingle	y
soldier	21	I.1	soldier,soldier's,soldiers	y
some	21	OF THIS BOOK	some	y
over	20	OF THIS BOOK	over	y
part	20	CONTENTS	part,parts	y
plank	20	V.1	plank,planks	y
road	20	I.1	road,roads	y
young	20	II.3	young,youngest	y
father	19	OF THIS BOOK	father,father's,fathers	y
find	19	OF THIS BOOK	find,found	y
great	19	OF THIS BOOK	great,greater	y
harbour	19	I.1	harbour,harbours	y
how	19	CONTENTS	how	y
lie	19	OF THIS BOOK	lain,lie,lies,lying	y
mark	19	OF THIS BOOK	mark,marked,marking,marks	y
mountain	19	OF THIS BOOK	mountain,mountain's,mountains	y
same	19	OF THIS BOOK	same	y
ship	19	III.1	ship,ships	y
sit	19	CONTENTS	sat,sit,sits	y
time	19	OF THIS BOOK	time	y
which	19	OF THIS BOOK	which	y
work	19	I.2	work,worked,works	y
hall	18	OF THIS BOOK	hall,halls	y
knowing	18	CONTENTS	knowing,knowings	y
rest	18	I.2	rest,rested	y
among	17	I.2	among	y
black	17	CONTENTS	black	y
cloak	17	CONTENTS	cloak	y
die	17	I.1	die,died,dies,dying	y
grow	17	II.1	grew,grow,grown,grows	y
if	17	THE INVOCATION	if	y
mend	17	OF THIS BOOK	mend,mended,mending,mends	y
raise	17	I.2	raise,raised,raising	y
send	17	I.1	send,sent	y
together	17	OF THIS BOOK	together	y
alone	16	I.1	alone	y
breath	16	CONTENTS	breath,breathes	y
carve	16	III.1	carve,carved,carves	y
council	16	CONTENTS	council,council's	y
dark	16	OF THIS BOOK	dark	y
far	16	I.4	far,farther,farthest,further	y
forget	16	CONTENTS	forget,forgot,forgotten	y
lamp	16	I.4	lamp,lamps	y
learned	16	CONTENTS	learned	y
rite	16	CONTENTS	rite	y
root	16	III.1	root,roots	y
stop	16	I.1	stop,stopped,stops	y
against	15	I.3	against	y
builder	15	CONTENTS	builders	y
can	15	OF THIS BOOK	can	y
cannot	15	OF THIS BOOK	cannot	y
cry	15	CONTENTS	cried,cries,cry,crying	y
laugh	15	IV.3	laugh,laughed,laughs	y
off	15	I.1	off	y
since	15	I.2	since	y
small	15	I.1	small,smaller	y
though	15	I.1	though	y
throne	15	CONTENTS	throne,throne's,thrones	y
wait	15	OF THIS BOOK	wait,waited,waiting,waits	y
war	15	CONTENTS	war	y
winter	15	I.1	winter	y
year	15	CONTENTS	year,years	y
beside	14	OF THIS BOOK	beside	y
build	14	I.1	build,built	y
fight	14	I.1	fight,fighting,fights,fought	y
let	14	OF THIS BOOK	let	y
line	14	OF THIS BOOK	line,lined,lines	y
people	14	I.1	people,peoples	y
place	14	OF THIS BOOK	place,places	y
roll	14	CONTENTS	roll,rolled,rolling,rolls	y
through	14	I.1	through	y
water	14	I.2	water	y
another	13	I.5	another,another's	y
away	13	I.2	away	y
bearer	13	III.1	bearer	y
because	13	THE INVOCATION	because	y
chisel	13	I.1	chisel,chisel's,chisels	y
door	13	CONTENTS	door,doors	y
fleet	13	III.1	fleet,fleet's	y
here	13	THE INVOCATION	here	y
inner	13	OF THIS BOOK	inner	y
live	13	I.1	live,lived,living	y
put	13	I.1	put,putting	y
sign	13	V.1	sign,sign's,signs	y
stroke	13	V.1	stroke,strokes	y
tear	13	CONTENTS	tore,torn	y
vault	13	OF THIS BOOK	vault,vaults	y
why	13	OF THIS BOOK	why	y
wreck	13	CONTENTS	wreck,wrecks	y
always	12	OF THIS BOOK	always	y
begin	12	I.1	began,begin,begins	y
behind	12	OF THIS BOOK	behind	y
beneath	12	I.4	beneath	y
chest	12	OF THIS BOOK	chest	y
enough	12	OF THIS BOOK	enough	y
guest	12	II.2	guest,guest's	y
hard	12	OF THIS BOOK	hard,harder,hardest	y
join	12	II.3	join,joined,joining,joins	y
kneel	12	I.1	kneeling,kneels,knelt	y
late	12	I.3	late,later	y
morning	12	OF THIS BOOK	morning	y
mortar	12	OF THIS BOOK	mortar	y
order	12	OF THIS BOOK	order,orders	y
rise	12	OF THIS BOOK	rise,rising,rose	y
second	12	II.3	second	y
wind	12	I.1	wind	y
yet	12	OF THIS BOOK	yet	y
any	11	I.5	any	y
between	11	OF THIS BOOK	between	y
dead	11	I.1	dead	y
generation	11	I.2	generation,generations	y
gift	11	CONTENTS	gift	y
green	11	CONTENTS	green	y
high	11	I.1	high,higher	y
holding	11	I.2	holding,holdings	y
mean	11	OF THIS BOOK	mean,means,meant	y
need	11	OF THIS BOOK	need,needed,needs	y
pillar	11	CONTENTS	pillar,pillar's,pillars	y
ridge	11	I.1	ridge,ridge's,ridges	y
right	11	OF THIS BOOK	right	y
run	11	I.3	ran,run,running,runs	y
siege	11	I.2	siege	y
understand	11	OF THIS BOOK	understand,understood	y
walk	11	CONTENTS	walk,walked	y
while	11	I.2	while	y
along	10	I.1	along	y
capstone	10	OF THIS BOOK	capstone,capstones	y
close	10	II.3	close,closed,closer,closing	y
cradle	10	I.2	cradle,cradles	y
edge	10	I.5	edge	y
fail	10	II.2	fail,failed	y
half	10	OF THIS BOOK	half,halves	y
head	10	I.3	head,heads	y
house	10	II.3	house,houses	y
new	10	I.4	new	y
none	10	I.1	none	y
open	10	OF THIS BOOK	open,opened,opens	y
ten	10	I.2	ten	y
too	10	OF THIS BOOK	too	y
touch	10	OF THIS BOOK	touch,touched	y
upon	10	I.2	upon	y
way	10	OF THIS BOOK	way	y
battery	9	I.2	battery	y
city	9	II.1	cities,city	y
deep	9	OF THIS BOOK	deep,deepest	y
draw	9	II.3	draw,drawn,drew	y
east	9	I.5	east	y
elder	9	OF THIS BOOK	elder,elders	y
folk	9	OF THIS BOOK	folk	y
grove	9	V.4	grove,groves	y
ice	9	I.1	ice	y
must	9	I.2	must	y
sink	9	III.1	sank,sink,sinking,sunk	y
standard	9	IV.2	standard	y
strike	9	I.4	strike,struck	y
teach	9	I.2	taught,teach	y
watch	9	I.2	watch,watched,watches,watching	y
apart	8	I.2	apart	y
coast	8	I.4	coast,coasts	y
course	8	I.2	course,courses	y
feel	8	I.2	feels,felt	y
fog	8	III.1	fog,fog's	y
foot	8	I.1	feet,foot	y
god	8	THE INVOCATION	god	y
hang	8	I.1	hang,hung	n
mind	8	I.3	mind,mind's,minds	y
moment	8	I.3	moment	y
move	8	I.2	moved,moves,moving	y
near	8	I.5	near,nearer,nearest	y
pass	8	I.1	pass,passed,passes	y
plain	8	OF THIS BOOK	plain,plainer,plainest	y
roof	8	I.1	roof,roofed,roofs	y
scream	8	IV.3	scream,screamed,screaming	y
show	8	OF THIS BOOK	show,showed,showing,shown,shows	y
side	8	CONTENTS	side,sides	y
song	8	CONTENTS	song,songs	y
trust	8	I.1	trust,trusted,trusting	y
wrong	8	CONTENTS	wrong	y
above	7	I.1	above	y
across	7	I.3	across	y
blood	7	I.2	blood	y
bring	7	OF THIS BOOK	bring,brings,brought	y
counter	7	CONTENTS	counter	y
four	7	CONTENTS	four	y
going	7	I.1	going	y
good	7	I.3	better,good	y
grandmother	7	IV.1	grandmother,grandmother's,grandmothers	y
land	7	I.5	land,lands	y
letter	7	IV.1	letters	y
little	7	I.1	less,little	y
many	7	II.1	many	y
month	7	I.1	month,months	y
mouth	7	IV.3	mouth,mouths	y
mute	7	OF THIS BOOK	mute	y
neither	7	OF THIS BOOK	neither	y
plan	7	V.5	plan	y
rain	7	II.1	rain	y
seal	7	II.1	sealed	y
shoreland	7	I.1	shoreland,shorelands	y
sing	7	I.1	sang,sing,singing	y
six	7	CONTENTS	six	y
standing	7	I.2	standing	y
straight	7	I.4	straight	y
swear	7	I.1	swear,swore,sworn	y
third	7	OF THIS BOOK	third	y
voice	7	CONTENTS	voice,voices	y
vow	7	I.5	vow	y
well	7	OF THIS BOOK	well	y
without	7	I.5	without	y
wound	7	CONTENTS	wound	y
about	6	II.3	about	y
annals	6	I.4	annals	y
anyone	6	I.2	anyone	y
archive	6	IV.1	archive,archives	y
arm	6	I.2	arm,armed,arms	y
bear	6	I.2	bear,bore,borne	y
believe	6	I.4	believe,believed	y
bind	6	CONTENTS	binding,bound	y
bond	6	II.3	bond	y
eight	6	II.3	eight	y
eye	6	I.5	eye,eyes	y
finish	6	OF THIS BOOK	finished	y
gallery	6	I.1	galleries,gallery	y
ground	6	I.2	ground	y
haul	6	I.2	haul,hauled,hauling	y
knock	6	III.1	knocked,knocking	y
life	6	II.3	life,lives	y
lift	6	I.2	lift,lifted	y
light	6	I.2	light,lighter	y
lose	6	CONTENTS	lost	y
mason	6	I.5	mason,mason's,masons	y
memory	6	OF THIS BOOK	memory	y
middle	6	OF THIS BOOK	middle	y
naming	6	CONTENTS	naming	y
pale	6	IV.3	pale	y
paragraph	6	OF THIS BOOK	paragraph	y
peace	6	OF THIS BOOK	peace	y
seven	6	III.1	seven	y
shape	6	OF THIS BOOK	shape,shapes	y
shoot	6	I.3	shoot,shot	y
should	6	I.1	should	y
sky	6	CONTENTS	sky	y
sound	6	I.1	sound,sounds	y
span	6	I.1	span,spans	y
stranger	6	IV.1	stranger	y
temple	6	II.1	temple,temples	y
tree	6	III.1	tree,trees	y
try	6	I.1	tried,try,trying	y
turning	6	I.2	turning,turnings	y
ward	6	I.1	ward	y
wave	6	V.1	wave	y
aloud	5	CONTENTS	aloud	y
already	5	OF THIS BOOK	already	y
anything	5	IV.3	anything	y
assault	5	OF THIS BOOK	assault	y
below	5	III.1	below	y
beyond	5	I.1	beyond	y
cairn	5	I.5	cairn,cairns	y
change	5	I.1	change,changes	y
column	5	I.1	column	y
commander	5	OF THIS BOOK	commander,commanders	y
cornerstone	5	CONTENTS	cornerstone	y
courtyard	5	I.2	courtyard	y
crag	5	I.1	crags	y
curl	5	IV.1	curling	y
else	5	V.1	else	y
fear	5	III.1	fear,feared	y
fen	5	I.1	fen	y
fill	5	V.7	fill,filled	y
fisher	5	II.3	fisher,fisher's,fishers	y
fly	5	OF THIS BOOK	flew,flies,flying	y
forty	5	IV.3	forty	y
growing	5	CONTENTS	growing	y
learn	5	V.1	learn,learning	y
low	5	IV.5	low,lowest	y
meet	5	III.1	meet,meets,met	y
outpost	5	IV.3	outpost	y
pick	5	IV.3	picked	y
question	5	I.2	question	y
quiet	5	II.3	quiet,quieter	y
rich	5	II.1	rich,richest	y
rope	5	I.2	rope,ropes	y
row	5	V.2	row,rowed,rows	y
sailor	5	III.1	sailors	y
scatter	5	I.1	scattered,scatters	y
sentence	5	IV.3	sentence,sentences	y
slowly	5	I.1	slowly	y
smithy	5	I.1	smithies	y
stair	5	I.1	stair,stairs	y
step	5	IV.1	step,steps	y
trade	5	II.1	trade	y
twelve	5	I.1	twelve	y
unbonded	5	OF THIS BOOK	unbonded	y
use	5	OF THIS BOOK	use,used	y
very	5	I.2	very	y
whoever	5	OF THIS BOOK	whoever	y
add	4	III.1	added,adds	y
age	4	I.2	age	y
annal	4	II.1	annal	y
apprentice	4	OF THIS BOOK	apprentice	y
axe	4	CONTENTS	axe,axes	y
battle	4	I.4	battle	y
bed	4	II.3	bed	y
body	4	I.2	body	y
born	4	I.1	born	y
bow	4	I.2	bow,bowed	y
choose	4	I.3	choose,chooses,chose	y
climb	4	I.1	climbed	y
cold	4	I.5	cold	y
company	4	I.1	companies,company	y
confession	4	CONTENTS	confession	y
custom	4	OF THIS BOOK	custom	y
deceit	4	II.2	deceit	y
dust	4	I.4	dust	y
either	4	I.1	either	y
empty	4	CONTENTS	empty	y
enemy	4	II.1	enemy,enemy's	y
family	4	THE INVOCATION	families	y
fine	4	I.4	fine,finest	y
five	4	CONTENTS	five	y
floor	4	IV.1	floor,floored	y
follow	4	I.1	follow,followed	y
forebear	4	OF THIS BOOK	forebears	y
glyph	4	CONTENTS	glyph	y
grass	4	I.1	grass	y
heavy	4	I.3	heavier,heavy	y
holy	4	IV.1	holiest,holy	y
horn	4	I.3	horn	y
keeper	4	I.1	keeper,keepers	y
lead	4	I.1	lead,led	y
lean	4	I.4	lean,leans	y
loud	4	III.1	loud	y
may	4	OF THIS BOOK	may	y
mere	4	I.1	mere	y
morrow	4	V.5	morrow	y
next	4	I.5	next	y
obey	4	IV.3	obeyed,obeys	y
palm	4	V.1	palms	y
post	4	II.3	post,posts	y
proud	4	I.1	proud,proudest	n
quarry	4	I.2	quarry	y
quickly	4	IV.4	quickly	y
reach	4	I.1	reach,reached	y
rhyme	4	IV.5	rhyme	y
riven	4	front	riven	y
river	4	I.1	river	y
rot	4	III.1	rot,rots	y
runner	4	CONTENTS	runner	y
scribe	4	OF THIS BOOK	scribe	y
sealing	4	II.3	sealing	y
season	4	II.3	season,seasoned	y
seem	4	I.2	seem,seemed	y
share	4	OF THIS BOOK	share,shared,sharing	y
sharp	4	OF THIS BOOK	sharp	y
short	4	I.3	short	y
silence	4	OF THIS BOOK	silence	y
simply	4	OF THIS BOOK	simply	y
single	4	OF THIS BOOK	single	y
sleep	4	II.2	sleep,slept	y
slow	4	I.3	slow,slowed,slows	y
smoke	4	I.3	smoke,smokes	y
south	4	II.3	south	y
spire	4	I.1	spire	y
staff	4	I.4	staff	y
strange	4	IV.1	strange,strangest	y
such	4	II.3	such	y
summer	4	II.1	summer,summers	y
teller	4	OF THIS BOOK	teller,tellers	y
thin	4	CONTENTS	thin,thinned	y
timber	4	III.2	timber,timbers	y
title	4	OF THIS BOOK	title	y
tongue	4	III.1	tongue	y
tonight	4	II.1	tonight	y
tower	4	I.5	tower	y
truly	4	IV.3	truly	y
want	4	I.1	want,wanted,wants	y
warning	4	III.1	warning,warnings	y
weather	4	I.4	weather	y
week	4	I.5	week,weeks	y
wet	4	I.2	wet	y
afterward	3	I.3	afterward	y
agree	3	OF THIS BOOK	agree	y
ancient	3	I.4	ancient	y
axeman	3	IV.1	axemen	n
banner	3	I.1	banner	y
bar	3	I.1	bar	y
beach	3	IV.3	beached	y
become	3	I.5	become	y
blade	3	II.1	blade	y
bottom	3	OF THIS BOOK	bottom	y
building	3	THE INVOCATION	building	y
canopy	3	I.1	canopy	y
cargo	3	IV.1	cargo	y
cart	3	I.3	cart,carts	y
cellar	3	I.1	cellars	y
clear	3	I.5	clear,clearest	y
coal	3	I.1	coal	y
coin	3	II.1	coin	y
coming	3	I.3	coming	y
crack	3	I.1	crack	y
crimson	3	I.1	crimson	y
crumble	3	THE INVOCATION	crumbled	y
deck	3	III.1	decks	y
destroy	3	I.2	destroy,destroyed	y
dusk	3	I.1	dusk	y
earn	3	II.1	earned	y
epilogue	3	CONTENTS	epilogue	y
even	3	III.2	even	y
faith	3	I.2	faith	y
fell	3	IV.1	felled	y
felling	3	CONTENTS	felling	y
finger	3	I.2	finger's,fingers	y
forward	3	V.1	forward	y
front	3	OF THIS BOOK	front	y
gap	3	I.2	gap,gaps	y
gather	3	I.1	gather,gathered	y
greeting	3	IV.5	greeting	y
grief	3	IV.6	grief	y
growth	3	IV.1	growth	y
harvest	3	IV.1	harvest	y
hill	3	I.3	hill,hills	y
hundred	3	I.1	hundreds	y
hurry	3	THE INVOCATION	hurried,hurry	y
keeping	3	I.2	keeping	y
key	3	IV.1	key,keyed	y
killing	3	I.2	killing	y
kind	3	IV.1	kind,kinds	y
lintel	3	I.1	lintel,lintels	y
log	3	I.3	log	y
lone	3	V.2	lone	y
meaning	3	I.4	meaning	y
might	3	I.1	might	y
mirror	3	CONTENTS	mirror	y
mist	3	OF THIS BOOK	mist	y
niche	3	OF THIS BOOK	niche	y
north	3	II.3	north	y
oath	3	I.1	oath,oaths	y
oil	3	I.4	oil,oils	y
outermost	3	IV.1	outermost	y
pack	3	I.2	pack,packs	y
pike	3	I.1	pike	y
piling	3	III.1	pilings	y
pipe	3	IV.5	pipe,pipes	y
point	3	II.1	point	y
quay	3	IV.5	quay	y
ring	3	I.3	rang,ring,rings	y
rock	3	II.1	rock	y
seed	3	V.5	seed	y
seer	3	II.3	seer,seers	y
shadow	3	I.4	shadow	y
shallow	3	IV.3	shallow,shallows	y
shelter	3	III.1	shelter,sheltered	y
shoulder	3	I.1	shoulder,shoulders	y
silent	3	V.7	silent	y
sometimes	3	I.2	sometimes	y
spend	3	I.2	spends,spent	y
split	3	II.1	split	y
square	3	V.2	square	y
stump	3	IV.1	stump,stumps	y
table	3	IV.1	table,tables	y
tall	3	I.2	tall	y
tenth	3	VI.1	tenth	y
toward	3	IV.3	toward	y
underside	3	OF THIS BOOK	underside	y
voyage	3	CONTENTS	voyage,voyages	y
wake	3	II.2	woke,woken	y
warm	3	II.1	warm	y
wear	3	I.1	wear,wore	y
weep	3	I.1	weeping,wept	y
white	3	III.1	white	y
woman	3	I.1	woman,women	y
afraid	2	I.2	afraid	y
appendix	2	CONTENTS	appendix	y
bank	2	III.1	bank,banks	y
beautiful	2	IV.1	beautiful	y
beginning	2	OF THIS BOOK	beginning	y
bench	2	OF THIS BOOK	bench	y
bend	2	V.2	bent	y
blanch	2	V.5	blanches,blanching	y
branch	2	III.1	branches	y
breach	2	I.2	breach	y
buy	2	II.1	bought	y
canyon	2	III.1	canyon	y
castle	2	I.1	castle	y
ceremony	2	I.4	ceremony	y
cheap	2	IV.1	cheap,cheaper	y
clean	2	OF THIS BOOK	cleaned	y
clerk	2	IV.1	clerk,clerk's	y
colour	2	I.1	colour	y
command	2	I.1	command	y
cool	2	OF THIS BOOK	cooling	y
corporal	2	I.5	corporal	y
counsel	2	IV.1	counsel	y
crane	2	III.1	cranes	y
crown	2	V.5	crown,crowns	y
cup	2	IV.5	cup,cups	y
current	2	IV.5	current	y
cutting	2	V.4	cutting	y
dawn	2	III.1	dawn	y
death	2	II.3	death	y
decide	2	IV.1	decided,deciding	y
defeat	2	V.7	defeat	y
dozen	2	I.1	dozen	y
drink	2	IV.1	drank	y
drum	2	III.1	drums	y
eastern	2	II.1	eastern	y
enter	2	I.4	entered	y
equal	2	I.1	equal	y
fearful	2	III.2	fearful	y
fever	2	II.3	fever	y
few	2	OF THIS BOOK	few,fewest	y
fifty	2	V.2	fifty	y
final	2	III.2	final	y
flash	2	V.2	flash,flashed	y
flat	2	IV.5	flat	y
flee	2	II.1	fled	y
float	2	III.1	floating	y
fold	2	VI.1	folded	y
forest	2	III.1	forest's,forests	y
forge	2	III.1	forge	y
forgetting	2	II.1	forgetting	y
forgive	2	IV.3	forgive	y
fortress	2	IV.1	fortress,fortresses	y
founding	2	I.4	founding	y
freedom	2	THE INVOCATION	freedoms	y
frost	2	II.1	frost	y
gateway	2	OF THIS BOOK	gateway	y
general	2	I.1	general,generals	y
ghost	2	III.1	ghost	y
gold	2	II.1	gold	y
granite	2	OF THIS BOOK	granite	y
grave	2	VI.1	grave	y
harm	2	II.3	harm	y
hasty	2	V.2	hasty	y
help	2	III.1	help	y
hew	2	IV.1	hewn	y
hood	2	OF THIS BOOK	hood	y
hunter	2	V.5	hunters	n
hurt	2	I.3	hurt	y
husband	2	I.2	husband	y
invocation	2	CONTENTS	invocation	y
iron	2	IV.1	iron	y
joint	2	II.1	joint,joints	y
keel	2	V.1	keel	y
kill	2	II.3	killed	y
knot	2	APPENDIX	knot	y
law	2	IV.3	law	y
laying	2	I.2	laying	y
leader	2	I.1	leaders	y
length	2	V.1	length	y
listen	2	I.5	listen,listening	y
lookout	2	I.3	lookout	y
loose	2	I.3	loose	y
loosen	2	I.1	loosened	y
lord	2	I.1	lord,lords	y
loss	2	II.3	loss	y
merchant	2	II.3	merchant,merchants	y
mile	2	II.3	mile	y
mother	2	II.3	mother	y
nine	2	VI.1	nine	y
noon	2	III.1	noon	y
onto	2	II.1	onto	y
outlive	2	II.3	outlive	y
overseer	2	I.4	overseer	y
past	2	I.5	past	y
pay	2	I.4	paid	y
pennant	2	I.1	pennant	y
perhaps	2	I.5	perhaps	y
pole	2	IV.1	poles	y
polish	2	I.4	polished	y
politician	2	I.1	politician,politicians	y
poor	2	IV.3	poor	y
pride	2	IV.1	pride	y
promise	2	I.1	promise,promised	y
push	2	IV.5	pushed	y
quarryman	2	I.1	quarryman,quarrymen	y
quick	2	I.3	quick,quickest	y
rank	2	II.3	rank,ranks	y
rare	2	II.3	rare	y
reckoning	2	IV.1	reckoning	y
retreat	2	I.1	retreat	y
ride	2	V.5	rides,rode	y
round	2	I.3	round	y
ruin	2	I.2	ruin	y
salt	2	IV.5	salt	y
sand	2	III.1	sand	y
seam	2	V.5	seam,seams	y
seize	2	IV.3	seize,seized	y
shaft	2	I.4	shaft	y
shell	2	V.2	shell	y
shout	2	I.2	shout	y
shove	2	IV.3	shove,shoved	y
silver	2	I.2	silver	y
singly	2	OF THIS BOOK	singly	y
sitting	2	I.1	sitting	y
skip	2	IV.5	skipped	y
sliver	2	VI.1	sliver	y
smooth	2	APPENDIX	smoothed	y
snow	2	I.1	snow	y
someone	2	I.1	someone	y
something	2	IV.3	something	y
son	2	II.3	son	y
speech	2	I.2	speech	y
spring	2	I.4	spring	y
stain	2	IV.1	stained	y
station	2	V.5	station	y
stay	2	I.5	stay,stayed	y
story	2	IV.5	story	y
stretch	2	I.3	stretch	y
sun	2	III.1	sun	y
temper	2	IV.3	temper	y
term	2	I.1	terms	y
text	2	I.4	texts	y
tool	2	OF THIS BOOK	tools	y
translate	2	IV.1	translate	y
transport	2	V.5	transports	y
tremble	2	I.2	tremble	y
troop	2	I.1	troop,troops	y
twenty	2	I.3	twenty	y
twice	2	I.1	twice	y
unless	2	OF THIS BOOK	unless	y
warn	2	IV.1	warned	y
weapon	2	I.2	weapon	y
wed	2	I.2	wed	y
western	2	I.1	western	y
whether	2	I.3	whether	y
whichever	2	V.2	whichever	y
wife	2	I.2	wife	y
wild	2	IV.5	wild	y
window	2	III.1	window,windows	y
wisdom	2	IV.1	wisdom	y
world	2	I.3	world	y
wounded	2	V.2	wounded	y
absent	1	IV.1	absent	y
achieve	1	I.2	achieve	y
adrift	1	IV.5	adrift	y
adze	1	VI.1	adzes	y
ael	1	V.7	ael	n
ago	1	VI.1	ago	y
ahead	1	APPENDIX	ahead	y
air	1	II.2	air	y
ale	1	IV.5	ale	y
alight	1	IV.3	alight	y
alive	1	VI.1	alive	y
allow	1	V.6	allows	y
almost	1	V.4	almost	y
anyway	1	IV.3	anyway	y
anywhere	1	IV.5	anywhere	y
apiece	1	V.2	apiece	y
argue	1	IV.5	argues	y
armada	1	III.2	armada	y
around	1	I.3	around	y
ash	1	III.1	ash	y
ashamed	1	I.3	ashamed	y
ashlar	1	I.4	ashlar	y
aside	1	IV.3	aside	y
asleep	1	I.1	asleep	y
astonish	1	IV.3	astonished	y
attack	1	I.2	attack	y
autumn	1	III.1	autumn	y
aware	1	VI.1	aware	y
bad	1	V.2	worst	y
barrier	1	III.2	barrier	y
beam	1	IV.1	beams	y
beast	1	V.5	beasts	y
beg	1	I.1	beg	y
belong	1	II.1	belongs	y
besides	1	OF THIS BOOK	besides	y
bird	1	IV.5	birds	y
birth	1	II.3	birth	y
bite	1	II.1	bite	y
blackish	1	IV.1	blackish	y
blackthorn	1	IV.2	blackthorn	y
blank	1	OF THIS BOOK	blank	y
blanket	1	I.4	blanket	y
bloom	1	I.4	bloom	y
blow	1	IV.3	blow	y
board	1	IV.1	boards	y
boast	1	I.4	boast	y
boatwright	1	VI.1	boatwrights	y
bold	1	IV.5	bold	y
bombardment	1	III.1	bombardment	y
bone	1	VI.1	bone	y
boy	1	I.2	boy	y
brave	1	V.5	brave	y
bread	1	IV.3	bread	y
breadth	1	III.1	breadth	y
breathe	1	V.5	breathe	y
brick	1	I.1	brick	y
bridge	1	IV.1	bridge	y
brush	1	V.7	brush	y
bundle	1	I.1	bundles	y
burden	1	I.4	burden	y
burial	1	III.1	burial	y
burst	1	III.1	burst	y
bury	1	I.5	buried	y
butt	1	IV.6	butt	y
buttress	1	IV.1	buttresses	y
cap	1	I.4	capped	y
careful	1	I.2	careful	y
carefully	1	IV.3	carefully	y
carver	1	The Stone out of the Grey	carver	y
catalogue	1	III.1	catalogue	y
catch	1	III.1	caught	y
caulked	1	VI.1	caulked	n
cause	1	I.1	cause	y
cedar	1	I.4	cedar	y
chair	1	IV.3	chair	y
char	1	V.2	charred	y
chase	1	APPENDIX	chase	y
citadel	1	III.1	citadel	y
clad	1	IV.3	clad	y
cleft	1	II.1	cleft	y
cloth	1	IV.3	cloth	y
cloud	1	III.1	cloud	y
collapse	1	III.1	collapsed	y
comma	1	I.2	comma	y
completion	1	II.3	completion	y
consecrate	1	I.4	consecrated	y
contents	1	CONTENTS	contents	y
corner	1	I.4	corner	y
covenant	1	II.3	covenant	y
craft	1	I.2	craft	y
creed	1	I.2	creed	y
crew	1	III.1	crew	y
crooked	1	I.4	crooked	y
crust	1	III.1	crust	y
curiosity	1	IV.1	curiosities	y
dance	1	IV.1	dancing	y
dare	1	IV.1	dared	y
deaf	1	V.7	deaf	y
deed	1	OF THIS BOOK	deeds	y
defend	1	I.2	defended	y
defensive	1	III.1	defensive	y
despair	1	I.1	despaired	y
dice	1	IV.1	dice	y
different	1	II.3	different	y
dig	1	III.1	dug	y
disagree	1	IV.2	disagree	y
ditch	1	I.4	ditch	y
doctrine	1	III.1	doctrine	y
doorpost	1	IV.3	doorposts	y
double	1	II.3	doubled	y
doubt	1	I.4	doubt	y
drag	1	I.2	dragged	y
drain	1	II.1	drains	y
dress	1	I.4	dressed	y
drown	1	V.2	drowned	y
enchantment	1	IV.1	enchantment	y
ending	1	OF THIS BOOK	ending	y
endurance	1	I.4	endurance	y
entire	1	III.2	entire	y
envoy	1	III.1	envoy	y
eve	1	I.5	eve	y
everyone	1	VI.1	everyone	y
everything	1	I.3	everything	y
everywhere	1	IV.3	everywhere	y
exalt	1	III.2	exalted	y
expression	1	III.2	expressions	y
false	1	V.7	false	y
falter	1	V.5	falter	y
fast	1	I.3	faster	y
feigned	1	V.5	feigned	y
fickleness	1	IV.1	fickleness	y
fifth	1	V.5	fifth	y
figure	1	V.1	figure	y
file	1	IV.1	filed	y
fist	1	IV.3	fists	y
flame	1	IV.3	flame	y
flask	1	I.4	flask	y
flinch	1	V.5	flinch	y
fling	1	V.5	flung	y
fool	1	V.2	fools	y
footing	1	II.1	footing	y
forbid	1	I.2	forbade	y
forehead	1	IV.3	foreheads	y
forever	1	I.5	forever	y
foreword	1	CONTENTS	foreword	y
fortune	1	IV.1	fortune	y
foul	1	IV.5	foul	y
foundation	1	II.1	foundation	y
fourth	1	V.5	fourth	y
frame	1	IV.3	frame	y
freeze	1	III.1	frozen	y
friend	1	I.5	friend	y
frighten	1	IV.3	frightened	y
fruit	1	VI.1	fruit	y
full	1	OF THIS BOOK	full	y
gaoler	1	II.3	gaoler's	y
garrison	1	I.1	garrisons	y
gatehouse	1	I.4	gatehouse	y
gentle	1	V.1	gentle	y
gently	1	IV.3	gently	y
glass	1	III.1	glass	y
guess	1	OF THIS BOOK	guesses	y
guide	1	IV.1	guide	y
hardly	1	I.3	hardly	y
harsh	1	III.1	harsh	y
heap	1	I.1	heap	y
heartbeat	1	I.3	heartbeat	y
heartwood	1	VI.1	heartwood	y
hide	1	V.7	hid	y
hinge	1	I.1	hinge	y
hollow	1	APPENDIX	hollow	y
homecoming	1	CONTENTS	homecomings	n
honest	1	IV.5	honest	y
honour	1	II.3	honour	y
hook	1	APPENDIX	hooks	y
hope	1	V.7	hope	y
host	1	APPENDIX	host	y
hostile	1	IV.3	hostile	y
hot	1	IV.3	hot	y
household	1	II.3	household	y
humble	1	IV.1	humbler	y
humility	1	IV.1	humility	y
hut	1	II.3	huts	y
ill	1	IV.5	ill	y
inheritance	1	The Stone out of the Grey	inheritance	y
intent	1	IV.3	intent	y
intruder	1	IV.3	intruder	y
inward	1	I.4	inward	y
judgment	1	I.3	judgment	y
jump	1	IV.5	jumping	y
just	1	I.1	just	y
kick	1	IV.3	kicked	y
kin	1	APPENDIX	kin	y
kindling	1	V.5	kindling	y
kindred	1	III.1	kindreds	y
king	1	IV.1	king	y
kiss	1	IV.5	kiss	y
knee	1	I.1	knee	y
lad	1	I.3	lad	y
laden	1	V.5	laden	y
lamplight	1	I.4	lamplight	y
lap	1	I.1	laps	y
leap	1	IV.3	leapt	y
legend	1	front	legends	y
liar	1	IV.5	liars	y
lid	1	I.4	lid	y
lieutenant	1	V.5	lieutenant	y
lifetime	1	III.1	lifetime	y
lip	1	I.4	lip	y
list	1	IV.1	list	y
lock	1	IV.1	locked	y
loudly	1	VI.1	loudly	y
luck	1	IV.5	luck	y
manner	1	II.1	manner	y
market	1	II.1	markets	y
mast	1	V.7	mast	y
measure	1	IV.6	measure	y
mint	1	II.1	minted	y
minute	1	I.3	minute	y
mistake	1	I.1	mistake	y
moss	1	VI.1	moss	y
mourning	1	II.3	mourning	y
multiply	1	II.3	multiplied	y
murmur	1	I.5	murmur	y
myrrh	1	I.4	myrrh	y
myth	1	II.1	myth	y
nation	1	III.1	nation	y
natural	1	IV.3	natural	y
navy	1	III.1	navy	y
neck	1	IV.3	neck	y
nerve	1	V.7	nerve	y
neutralize	1	IV.3	neutralized	y
nineteen	1	IV.3	nineteen	y
noble	1	I.1	nobles	y
nobleman	1	I.1	nobleman	y
nod	1	II.3	nod	y
nor	1	III.1	nor	y
northern	1	IV.1	northern	y
notch	1	APPENDIX	notch	y
number	1	V.5	number	y
oak	1	IV.1	oak	y
officer	1	I.1	officers	y
ordain	1	II.3	ordained	y
ornament	1	IV.1	ornament	y
orphan	1	V.5	orphaned	y
otherwise	1	IV.3	otherwise	y
outer	1	I.1	outer	y
outside	1	III.2	outside	y
outsider	1	II.1	outsider	y
outward	1	I.4	outward	y
owe	1	I.5	owed	y
pace	1	I.3	pace	y
page	1	V.1	page	y
parapet	1	I.3	parapet	y
patience	1	IV.3	patience	y
pave	1	III.1	paved	y
permit	1	II.3	permit	y
phantom	1	V.5	phantoms	y
piece	1	III.1	piece	y
plainly	1	II.3	plainly	y
plea	1	IV.1	pleas	y
plumb	1	IV.1	plumb	y
plunge	1	IV.6	plunged	y
pray	1	II.3	pray	y
precision	1	I.2	precision	y
prentice	1	I.2	prentices	y
present	1	IV.5	present	y
pretend	1	I.1	pretend	y
private	1	I.3	private	y
proof	1	IV.1	proof	y
protect	1	I.2	protect	y
purpose	1	V.7	purpose	y
ram	1	I.4	ram	y
rather	1	IV.5	rather	y
reader	1	EPILOGUE	reader	y
recall	1	V.5	recalled	y
reckon	1	IV.1	reckoned	y
red	1	III.1	red	y
reduce	1	IV.1	reduced	y
refuse	1	II.3	refused	y
release	1	IV.3	released	y
relic	1	IV.1	relics	y
remake	1	I.5	remade	y
repeat	1	I.2	repeat	y
require	1	I.4	requires	y
restraint	1	IV.1	restraint	y
return	1	I.5	return	y
revenge	1	V.5	revenge	y
rib	1	V.1	ribs	y
rightly	1	II.1	rightly	y
ripple	1	I.3	ripples	y
rod	1	I.4	rod	y
room	1	THE INVOCATION	room	y
rout	1	V.5	rout	y
rubble	1	I.1	rubble	y
sad	1	II.3	sad	y
save	1	I.2	save	y
scaffold	1	IV.1	scaffold	y
scarce	1	IV.1	scarce	y
seafarer	1	III.1	seafarers	y
search	1	VI.1	searched	y
secret	1	I.4	secrets	y
seedling	1	VI.1	seedling	y
seldom	1	II.3	seldom	y
sell	1	IV.1	sold	y
sender	1	III.1	senders	y
separate	1	II.3	separate	y
separation	1	II.3	separation	y
sergeant	1	I.1	sergeant	y
serve	1	IV.3	served	y
shake	1	I.1	shook	y
shall	1	II.3	shall	y
shame	1	II.1	shame	y
sheet	1	I.3	sheet	y
shelf	1	IV.1	shelf	y
shift	1	I.3	shift	y
sickness	1	II.3	sickness	y
sight	1	VI.1	sight	y
silvered	1	III.1	silvered	y
singer	1	I.1	singer	y
size	1	IV.3	size	y
skill	1	II.1	skill	y
slacken	1	V.5	slackened	y
slate	1	I.4	slate	y
slay	1	I.1	slain	y
sleeper	1	II.2	sleeper	y
sleeve	1	IV.3	sleeves	y
slope	1	I.4	sloped	y
soar	1	II.3	soaring	y
sod	1	V.7	sod	y
soft	1	III.1	soft	y
soil	1	IV.1	soil	y
somewhere	1	I.2	somewhere	y
soon	1	III.2	soon	y
soul	1	IV.5	soul	y
sounding	1	V.5	sounding	y
sovereign	1	III.2	sovereign	y
spacing	1	V.5	spacing	y
spade	1	I.5	spade	y
spark	1	APPENDIX	spark	y
speed	1	I.2	speed	y
spill	1	V.5	spilled	y
star	1	APPENDIX	star	y
steady	1	I.1	steady	y
stern	1	APPENDIX	stern	y
stick	1	V.5	stick	y
storm	1	IV.3	storm	y
strake	1	VI.1	strakes	y
straw	1	V.5	straw	y
strength	1	I.4	strength	y
stronghold	1	III.1	stronghold	y
sunset	1	III.1	sunset	y
surf	1	V.1	surf	y
sustain	1	I.2	sustained	y
swell	1	VI.1	swell	y
swerve	1	V.2	swerved	y
sword	1	I.2	sword	y
syllable	1	IV.3	syllables	y
symbol	1	IV.1	symbols	y
tablet	1	V.2	tablets	y
tangle	1	I.5	tangled	y
taste	1	IV.1	taste	y
terror	1	IV.3	terror	y
thought	1	I.4	thoughts	y
thousand	1	I.1	thousand	y
throat	1	I.2	throats	y
throw	1	III.1	throwing	y
thunder	1	III.1	thunder	y
tie	1	V.7	ties	y
tip	1	I.4	tipped	y
toil	1	II.1	toil	y
tomorrow	1	I.5	tomorrow	y
top	1	I.1	top	y
torchlight	1	I.2	torchlight	y
torpedo	1	V.5	torpedo	y
town	1	III.1	town	y
track	1	IV.5	tracks	y
trappings	1	IV.3	trappings	n
traveller	1	III.1	traveller	y
treeling	1	V.5	treelings	y
trouble	1	I.4	troubled	y
trowel	1	V.7	trowel	y
trunk	1	IV.1	trunked	y
truth	1	VI.1	truth	y
tumble	1	III.1	tumbling	y
twelvefold	1	II.3	twelvefold	y
unbroken	1	I.1	unbroken	y
underfoot	1	III.1	underfoot	y
united	1	II.3	united	y
unknown	1	IV.3	unknown	y
unread	1	IV.3	unread	y
untended	1	III.1	untended	y
untold	1	The Stone out of the Grey	untold	y
unwelcome	1	IV.3	unwelcome	y
upright	1	IV.1	upright	y
vanity	1	IV.3	vanity	y
vast	1	III.1	vast	y
veil	1	IV.1	veil	y
vein	1	III.1	veins	y
verse	1	V.6	verse	y
vessel	1	IV.3	vessel	y
volley	1	I.2	volleys	y
vote	1	V.4	vote	y
warship	1	V.5	warships	y
weave	1	IV.3	woven	y
wedding	1	II.3	wedding	y
weigh	1	I.5	weigh	y
wheel	1	IV.1	wheel	y
wherever	1	I.2	wherever	y
whisper	1	The Stone out of the Grey	whispers	y
wide	1	III.1	wide	y
width	1	V.1	width	y
winged	1	V.5	winged	y
wise	1	The Stone out of the Grey	wise	y
wither	1	II.1	withered	y
within	1	III.2	within	y
workshop	1	II.1	workshops	y
worship	1	II.3	worshipped	y
worth	1	IV.3	worth	y
wrap	1	V.1	wrapped	y
yard	1	V.5	yards	y
youth	1	IV.3	youth	y
