# form	lemma  (fixes for the rule-based lemmatiser; checked by eye against the Book)
soldier	soldier
soldiers	soldier
soldier's	soldier
added	add
adds	add
dared	dare
cranes	crane
barrier	barrier
ties	tie
owed	owe
sloped	slope
used	use
hunters	hunter
means	mean
dice	dice
homecomings	homecoming
lighter	light
harder	hard
greater	great
closer	close
higher	high
smaller	small
quieter	quiet
plainer	plain
plainest	plain
humbler	humble
faster	fast
truer	true
longer	long
longest	long
later	late
farthest	far
nearest	near
nearer	near
heavier	heavy
cheaper	cheap
richest	rich
proudest	proud
holiest	holy
clearest	clear
finest	fine
fewest	few
quickest	quick
youngest	young
deepest	deep
hardest	hard
lowest	low
strangest	strange
worst	bad
ashamed	ashamed
remade	remake
shown	show
sold	sell
charred	char
judgement	judgement
judgements	judgement
rivenkeep	rivenkeep
adzes	adze
axemen	axeman
trunked	trunk
united	united
spacing	spacing
founding	founding
contents	contents
tipped	tip
woven	weave
blanches	blanch
blanching	blanch
curling	curl
cooling	cool
greeting	greeting
dancing	dance
mourning	mourning
poles	pole
pilings	piling
liars	liar
laps	lap
huts	hut
sod	sod
gaoler's	gaoler
wounded	wounded
seasoned	season
fired	fire
floored	floor
roofed	roof
walled	wall
lined	line
armed	arm
handed	hand
footing	footing
stills	still
scatters	scatter
lasts	last
outermost	outermost
underside	underside
