Halyna	83
Seren	37
Halvard	34
Rhyna	34
Stonewrights	28
Mystwood	18
Rivenkeep	15
Eldhythe	13
Kael	12
Stonewright	9
Shorelanders	8
Rivenmen	7
Voss	7
Stonwryt	7
Tidesmeet	7
Theoliths	6
Brenn	5
Aelvaren	5
Mystaeri	5
Emberhythe	5
Hale	4
Aetherbonded	4
Elderess	4
Carnhold	4
Fenholm	4
Holtward	4
Highreach	4
Lanner	3
Mystarch	3
Sandreach	3
Rimewatch	3
Glasspire	3
Mystlands	3
Judgement	3
Corlen	2
Tamm	2
Marl	2
Aske	2
Garvel	2
Harl	2
Ulden	2
Hesk	2
Pellow	2
Tarnel	2
Mystholders	2
RIVENKEEP	1
Stannard	1
Aldwena	1
Aetherbond	1
Idrenna	1
Glasspire's	1
Homecomings	1
Mystarchs	1
Mystaeri's	1
Silverbark	1
Aelthae	1
Ael'thar	1
Rhenear	1
Naelear	1
Stonewright's	1
Myststone	1
Judgements	1
